home-account-account-home-account-end,1
product-home-home-home-account-end,1
product-home-product-home-account-end,1
home-product-product-home-account-end,1
search-search-home-product-account-end,1
home-product-home-account-home-end,2
search-product-home-account-home-end,1
home-home-product-account-home-end,2
account-home-account-home-home-end,1
home-home-home-home-home-end,6
product-home-home-home-home-end,3
product-other-home-home-home-end,1
search-other-home-home-home-end,1
home-product-home-home-home-end,3
product-product-home-home-home-end,1
home-search-home-home-home-end,1
search-search-home-home-home-end,1
home-home-other-home-home-end,1
product-product-other-home-home-end,1
search-product-other-home-home-end,1
home-home-product-home-home-end,1
other-home-product-home-home-end,2
product-home-product-home-home-end,1
home-product-product-home-home-end,2
product-product-product-home-home-end,3
product-home-account-other-home-end,1
other-account-home-product-home-end,1
product-account-home-product-home-end,1
home-home-home-product-home-end,2
search-other-home-product-home-end,1
product-product-home-product-home-end,2
product-search-other-product-home-end,1
product-home-product-product-home-end,2
home-product-product-product-home-end,1
product-search-product-product-home-end,1
home-home-home-search-home-end,1
home-product-home-search-home-end,3
home-product-other-search-home-end,1
home-product-home-account-other-end,3
home-home-home-home-other-end,1
home-product-home-home-other-end,2
home-product-product-home-other-end,1
home-home-home-product-other-end,1
home-home-home-search-other-end,1
home-home-account-account-product-end,1
search-home-product-account-product-end,1
home-home-home-home-product-end,5
product-home-home-home-product-end,2
search-home-home-home-product-end,1
home-search-home-home-product-end,1
product-search-home-home-product-end,1
account-other-product-home-product-end,1
product-product-product-home-product-end,1
product-home-search-home-product-end,1
home-search-home-other-product-end,1
home-product-home-product-product-end,1
home-home-other-product-product-end,1
product-home-other-product-product-end,1
product-home-home-search-product-end,2
home-product-home-search-product-end,1
product-home-product-search-product-end,1
home-product-product-search-product-end,1
other-account-home-home-search-end,1
search-home-home-home-search-end,2
home-other-home-home-search-end,1
search-product-home-home-search-end,1
product-product-product-home-search-end,1
product-product-home-product-search-end,1
home-product-search-product-search-end,1
home-search-search-product-search-end,1
